{"cameraMode":{"drawMode":0,"name":"Shaded","section":"Shading Mode"},"sceneLighting":true,"audioPlay":false,"sceneViewState":{"m_AlwaysRefresh":false,"showFog":true,"showSkybox":true,"showFlares":true,"showImageEffects":true,"showParticleSystems":true,"showVisualEffectGraphs":true,"m_FxEnabled":true},"in2DMode":false,"pivot":{"x":-0.5115803480148315,"y":10.351736068725586,"z":-137.631103515625},"rotation":{"x":-0.01854289509356022,"y":-0.0794040635228157,"z":-0.0014705435605719686,"w":0.9966753125190735},"size":11.451017379760743,"orthographic":false}