{"cameraMode":{"drawMode":0,"name":"Shaded","section":"Shading Mode"},"sceneLighting":true,"audioPlay":false,"sceneViewState":{"m_AlwaysRefresh":false,"showFog":true,"showSkybox":true,"showFlares":true,"showImageEffects":true,"showParticleSystems":true,"showVisualEffectGraphs":true,"m_FxEnabled":true},"in2DMode":false,"pivot":{"x":18.967870712280275,"y":8.623394012451172,"z":-63.21394729614258},"rotation":{"x":-0.028939122334122659,"y":0.8431130051612854,"z":0.04556196182966232,"w":0.5350818037986755},"size":10.586734771728516,"orthographic":false}