{"cameraMode":{"drawMode":0,"name":"Shaded","section":"Shading Mode"},"sceneLighting":false,"audioPlay":false,"sceneViewState":{"m_AlwaysRefresh":false,"showFog":true,"showSkybox":false,"showFlares":true,"showImageEffects":true,"showParticleSystems":true,"showVisualEffectGraphs":true,"m_FxEnabled":true},"in2DMode":false,"pivot":{"x":41.254112243652347,"y":13.941200256347657,"z":990.7285766601563},"rotation":{"x":-0.18033047020435334,"y":0.04335499182343483,"z":-0.007958667352795601,"w":-0.9826268553733826},"size":17.586891174316408,"orthographic":false}