{"cameraMode":{"drawMode":0,"name":"Shaded","section":"Shading Mode"},"sceneLighting":false,"audioPlay":false,"sceneViewState":{"m_AlwaysRefresh":false,"showFog":true,"showSkybox":false,"showFlares":true,"showImageEffects":true,"showParticleSystems":true,"showVisualEffectGraphs":true,"m_FxEnabled":true},"in2DMode":false,"pivot":{"x":11.800000190734864,"y":7.989999771118164,"z":-19.899999618530275},"rotation":{"x":0.02039484679698944,"y":-0.013497529551386834,"z":0.00027594517450779676,"w":0.9997043013572693},"size":5.028011322021484,"orthographic":true}