{"cameraMode":{"drawMode":0,"name":"Shaded","section":"Shading Mode"},"sceneLighting":false,"audioPlay":false,"sceneViewState":{"m_AlwaysRefresh":false,"showFog":true,"showSkybox":false,"showFlares":true,"showImageEffects":true,"showParticleSystems":true,"showVisualEffectGraphs":true,"m_FxEnabled":true},"in2DMode":false,"pivot":{"x":16.094745635986329,"y":8.911412239074707,"z":-286.29754638671877},"rotation":{"x":-0.05067712813615799,"y":0.008096798323094845,"z":-0.0004985452978871763,"w":-0.9987257122993469},"size":9.099902153015137,"orthographic":false}