{"cameraMode":{"drawMode":0,"name":"Shaded","section":"Shading Mode"},"sceneLighting":true,"audioPlay":false,"sceneViewState":{"m_AlwaysRefresh":false,"showFog":true,"showSkybox":true,"showFlares":true,"showImageEffects":true,"showParticleSystems":true,"showVisualEffectGraphs":true,"m_FxEnabled":true},"in2DMode":false,"pivot":{"x":-1.5449252128601075,"y":6.3378095626831059,"z":1.13706636428833},"rotation":{"x":0.17917528748512269,"y":-0.11920873820781708,"z":0.021895937621593477,"w":0.9763413071632385},"size":7.529538631439209,"orthographic":false}